listing_date;title;company;location;work_type;link
04-Oct-24 09:20;Full-Stack Software Engineer (Mid. Level);TRAVLR Indonesia;Bali;Contract/Temp;https://www.jobstreet.co.id/job/79300110
04-Oct-24 09:42;Full-Stack Software Engineer (Senior Level);TRAVLR Indonesia;Bali;Contract/Temp;https://www.jobstreet.co.id/job/79300937
05-Oct-24 15:19;Application Developer;PT Multipolar Technology Tbk;Tangerang;Full time;https://www.jobstreet.co.id/job/79315830
01-Oct-24 11:12;Senior Software Engineer;PT Finture Tech Indonesia;South Jakarta;Full time;https://www.jobstreet.co.id/job/79210307
04-Oct-24 08:24;Software Development Team Lead;B2BE GSS Sdn Bhd;Surabaya;Full time;https://www.jobstreet.co.id/job/79298340
04-Oct-24 08:54;Backend Developer;PT. TALENTA TEKNOLOGI SUKSES GEMILANG;South Jakarta;Contract/Temp;https://www.jobstreet.co.id/job/79299042
03-Oct-24 04:00;Frontend Software Engineer - Flight;PT Trinusa Travelindo;Jakarta;Full time;https://www.jobstreet.co.id/job/79268254
04-Oct-24 03:15;Java Developer;PT Dwidasa Samsara Indonesia;Tangerang;Full time;https://www.jobstreet.co.id/job/79280791
03-Oct-24 03:25;Freelance Software Engineer - KG Media;Kompas Gramedia - KG Media;Central Jakarta;Contract/Temp;https://www.jobstreet.co.id/job/79252507
03-Oct-24 10:11;Software Engineer;PT SOD Technology Indonesia;Central Jakarta;Full time;https://www.jobstreet.co.id/job/79266680
04-Oct-24 09:03;HTS Software Developer (C/C++, VB);PT NH Korindo Sekuritas Indonesia;Jakarta;Full time;https://www.jobstreet.co.id/job/79299696
01-Oct-24 03:57;Software Engineer;Yayasan Bina Nusantara;West Jakarta;Full time;https://www.jobstreet.co.id/job/79198699
30-Sep-24 09:53;Senior Software Engineer - Dev Platform;PT Aplikasi Karya Anak Bangsa (GO-JEK Indonesia);Jakarta;Full time;https://www.jobstreet.co.id/job/79184772
01-Oct-24 03:33;C# Middle Software Developer;PT Fata Organa Solusi;South Tangerang;Full time;https://www.jobstreet.co.id/job/79197237
04-Oct-24 11:38;SENIOR FRONTEND DEVELOPER;AlphaPhilindo Solution Inc;Jakarta;Full time;https://www.jobstreet.co.id/job/79303238
04-Oct-24 04:41;Network Engineer;PT Kamoro Maxima Integra;Gresik;Full time;https://www.jobstreet.co.id/job/79280785
02-Oct-24 06:08;IT Security Senior Engineer;PT Tower Bersama Infrastructure, Tbk;South Jakarta;Full time;https://www.jobstreet.co.id/job/79227299
03-Oct-24 08:54;Senior Odoo Software Developer;PT Asia Bandar Alam;Central Jakarta;Contract/Temp;https://www.jobstreet.co.id/job/79263088
04-Oct-24 02:42;Backend Developer;PT Intersolusi Teknologi Asia;Bandung;Full time;https://www.jobstreet.co.id/job/79279625
05-Oct-24 16:22;Build Delivery Engineer - Data Center;PT Oracle Indonesia;Jakarta;Full time;https://www.jobstreet.co.id/job/79316754
03-Oct-24 09:09;Senior IT Developer;PT Bhinneka Life Indonesia;West Jakarta;Full time;https://www.jobstreet.co.id/job/79263576
03-Oct-24 10:46;Programmer Backend Python;Koffiesoft Group;Surabaya;Full time;https://www.jobstreet.co.id/job/79267094
29-Sep-24 01:53;Software/Cybersecurity Development;Private Advertiser;East Jakarta;Full time;https://www.jobstreet.co.id/job/79156723
03-Oct-24 04:18;Web Developer;PT Integra Putra Mandiri;Central Jakarta;Full time;https://www.jobstreet.co.id/job/79251824
04-Oct-24 08:54;Full stack developer (C language Developer);PT NH Korindo Sekuritas Indonesia;Jakarta;Full time;https://www.jobstreet.co.id/job/79298912
02-Oct-24 10:10;IT Supervisor (Berau);PT Sumber Mitra Jaya;East Kalimantan;Full time;https://www.jobstreet.co.id/job/79237404
02-Oct-24 09:16;iOS Developer;Serial Microelectronics Pte Ltd;Jakarta;Full time;https://www.jobstreet.co.id/job/79235565
04-Oct-24 05:54;Senior Programmer;PT PERFORMA OPTIMA KOMPUTINDO;Surabaya;Full time;https://www.jobstreet.co.id/job/79292098
30-Sep-24 07:15;Backend Engineer;BTI Executive Search Pte Ltd;Jakarta;Contract/Temp;https://www.jobstreet.co.id/job/79177095
01-Oct-24 09:45;Middle Backend Engineer;Private Advertiser;South Jakarta;Full time;https://www.jobstreet.co.id/job/79209451
30-Sep-24 11:00;Site Reliability Engineer;PT Justika Siar Publika;South Jakarta;Full time;https://www.jobstreet.co.id/job/79183643
30-Sep-24 05:07;Full Stack Website Developer;PT BERKAT KARYA NUSANTARA;Batam;Full time;https://www.jobstreet.co.id/job/79172394
02-Oct-24 07:54;Fullstack Engineer;Private Advertiser;South Jakarta;Full time;https://www.jobstreet.co.id/job/79233754
03-Oct-24 03:09;Backup & Storage Engineer;PT. KOBUS SMART SERVICE;West Jakarta;Full time;https://www.jobstreet.co.id/job/79251904
01-Oct-24 12:00;Application Developer;PT. Metrodata Electronics, Tbk;West Jakarta;Full time;https://www.jobstreet.co.id/job/79214741
30-Sep-24 03:13;Technical Lead (Fullstack);PT Akar Inti Teknologi;Central Jakarta;Full time;https://www.jobstreet.co.id/job/79168390
03-Oct-24 04:29;Webmethod Developer;PT Indocyber Global Teknologi;Jakarta;Full time;https://www.jobstreet.co.id/job/79254844
03-Oct-24 14:42;Software Project Manager;PT Inovasi Kreatif Digital;Jakarta;Full time;https://www.jobstreet.co.id/job/79268776
03-Oct-24 08:20;AI Developer;PT Datacomm Diangraha;Central Jakarta;Full time;https://www.jobstreet.co.id/job/79262329
30-Sep-24 03:30;Spring Boot Developer;PT Intersolusi Teknologi Asia;Bandung;Full time;https://www.jobstreet.co.id/job/79169326
01-Oct-24 09:09;Java Developer;PT Karisma Zona Kreatifku;Jakarta;Contract/Temp;https://www.jobstreet.co.id/job/79208084
03-Oct-24 04:33;IT QA Engineer;Steradian Data Optima;Jakarta;Full time;https://www.jobstreet.co.id/job/79254996
01-Oct-24 03:32;Backend Developer;PT Sentralsari Primasentosa;Sidoarjo;Full time;https://www.jobstreet.co.id/job/79197181
02-Oct-24 12:16;Backend Developer;PT. Fidac Inovasi Technology;Jakarta;Full time;https://www.jobstreet.co.id/job/79238519
02-Oct-24 06:54;Java Developer;PT Sarana Pactindo;Malang;Full time;https://www.jobstreet.co.id/job/79232115
02-Oct-24 04:38;Back End Web Developer (ASP .NET C#);DealPOS - PT. Generasi Inspirasi Informatika;North Jakarta;Full time;https://www.jobstreet.co.id/job/79226337
01-Oct-24 03:00;Java Developer;PT Nusantara Duta Solusindo (NDS);Jakarta;Full time;https://www.jobstreet.co.id/job/79195895
02-Oct-24 02:36;Java Developer;PT Nawa Data Solutions;South Jakarta;Contract/Temp;https://www.jobstreet.co.id/job/79221947
02-Oct-24 02:17;Programmer;PT EMS Paramitra;East Jakarta;Full time;https://www.jobstreet.co.id/job/79221291
30-Sep-24 11:03;Android Developer (Kotlin);PT Lawencon Internasional;Jakarta;Contract/Temp;https://www.jobstreet.co.id/job/79183662
01-Oct-24 03:52;DevOps Engineer;PT Lunaria Annua Teknologi (KoinWorks);South Jakarta;Full time;https://www.jobstreet.co.id/job/79198554
04-Oct-24 06:53;Full Stack Developer;PT Petrosea Tbk;South Jakarta;Full time;https://www.jobstreet.co.id/job/79295750
02-Oct-24 08:34;SOFTWARE TESTER AUTOMATION;PT Sharing Vision Indonesia;Jakarta;Full time;https://www.jobstreet.co.id/job/79234601
04-Oct-24 03:56;Senior .NET / NodeJS Developer;PT EBconnection Indonesia;South Jakarta;Contract/Temp;https://www.jobstreet.co.id/job/79284309
04-Oct-24 03:06;AI System Integrator;Private Advertiser;Jakarta;Full time;https://www.jobstreet.co.id/job/79280534
04-Oct-24 11:22;Web Developer;PT Petrolink Services Indonesia;Jakarta;Contract/Temp;https://www.jobstreet.co.id/job/79303153
01-Oct-24 02:33;IOT Solution Engineer;PT. APPSKU APLIKASI INDONESIA;Bogor;Full time;https://www.jobstreet.co.id/job/79194919
04-Oct-24 12:00;IT PROGRAMMER STAFF;PT Indomobil Finance Indonesia;Jakarta;Full time;https://www.jobstreet.co.id/job/79306322
03-Oct-24 04:39;IT Security Engineer - Manufacture - Batam (A-109424);RGF HR Agent Indonesia;Batam;Full time;https://www.jobstreet.co.id/job/79255169
01-Oct-24 04:01;Associate Software Engineering Specialist;Yayasan Bina Nusantara;West Jakarta;Full time;https://www.jobstreet.co.id/job/79198808
03-Oct-24 09:21;Presales Engineer;PT Phincon;South Jakarta;Full time;https://www.jobstreet.co.id/job/79263806
30-Sep-24 02:29;AI Engineer;TUNTUN SEKURITAS INDONESIA;North Jakarta;Full time;https://www.jobstreet.co.id/job/79166834
02-Oct-24 02:11;System Engineer;PT EMS Paramitra;East Jakarta;Full time;https://www.jobstreet.co.id/job/79221073
01-Oct-24 09:50;Database Engineer;PT Mitra Amertha Sejahtera;Sukoharjo;Full time;https://www.jobstreet.co.id/job/79209533
30-Sep-24 09:01;Programmer (Frontend / Backend);PT Sisfomedika;Yogyakarta Special Region;Contract/Temp;https://www.jobstreet.co.id/job/79176662
01-Oct-24 07:04;System Analyst;PT XSIS MITRA UTAMA - Recruitment Center;South Jakarta;Full time;https://www.jobstreet.co.id/job/79205047
03-Oct-24 05:19;IT Programming - AWS Certified (Surabaya Placement);PT ISS INDONESIA (Bintaro);Surabaya;Contract/Temp;https://www.jobstreet.co.id/job/79256130
03-Oct-24 06:45;Data Engineer (Talend Hadoop);PT Lentera Bangsa Benderang;North Jakarta;Contract/Temp;https://www.jobstreet.co.id/job/79259871
30-Sep-24 03:13;Fullstack Web Developer;PT Integrasi Logistik Cipta Solusi;Jakarta;Contract/Temp;https://www.jobstreet.co.id/job/79168458
30-Sep-24 02:43;Full Stack Developer;PT. Gree Electric Appliances Indonesia;North Jakarta;Full time;https://www.jobstreet.co.id/job/79167245
03-Oct-24 05:48;Programmer;Popeyecell01;Jakarta;Full time;https://www.jobstreet.co.id/job/79256916
03-Oct-24 09:53;IT Support;PT Kepoo Solusi Indonesia;Jakarta;Full time;https://www.jobstreet.co.id/job/79266443
02-Oct-24 04:02;Data Analyst - Telematics (A-109700);RGF HR Agent Indonesia;South Jakarta;Full time;https://www.jobstreet.co.id/job/79225199
03-Oct-24 13:17;Geo Engineering - Engineer, GIS #1;PT Freeport Indonesia;Mimika;Full time;https://www.jobstreet.co.id/job/79269290
02-Oct-24 04:05;Data Scientist - Telematics (A-109705);RGF HR Agent Indonesia;South Jakarta;Full time;https://www.jobstreet.co.id/job/79225306
02-Oct-24 08:29;IT Developer;PT Ameliore Solusi Analitika;Jakarta;Contract/Temp;https://www.jobstreet.co.id/job/79234472
30-Sep-24 07:15;Application Development Officer;PT CARSURIN Tbk;West Jakarta;Full time;https://www.jobstreet.co.id/job/79177099
03-Oct-24 02:18;IT DEVELOPER;PT Bumi Arta Sedayu;Bekasi;Full time;https://www.jobstreet.co.id/job/79250012
03-Oct-24 07:45;Application Security;PT Esha Parama Teknologi;Jakarta;Full time;https://www.jobstreet.co.id/job/79261539
30-Sep-24 10:42;IT Technician;PT Bizlink Technology Indonesia;Batam;Full time;https://www.jobstreet.co.id/job/79183484
02-Oct-24 08:18;SDET;PT Inovasi Daya Solusi;South Jakarta;Full time;https://www.jobstreet.co.id/job/79234284
02-Oct-24 07:50;IT Junior Specialist (Programmer);PT Bundamedik Tbk;Depok;Full time;https://www.jobstreet.co.id/job/79233658
02-Oct-24 02:39;System Analyst;PT Ako Media Asia;West Jakarta;Full time;https://www.jobstreet.co.id/job/79222044
04-Oct-24 04:00;Product Operations Analyst;PT Trinusa Travelindo;Jakarta;Full time;https://www.jobstreet.co.id/job/79303863
02-Oct-24 04:43;Power Builder Developer;PT. KOBUS SMART SERVICE;Central Jakarta;Full time;https://www.jobstreet.co.id/job/79226631
01-Oct-24 08:36;IT Helpdesk MES;PT Hyundai Autoever Indonesia;Cikarang;Full time;https://www.jobstreet.co.id/job/79207045
01-Oct-24 07:34;Full Stack Veveloper;PT. Adaya Solusi Teknologi;Bandung;Full time;https://www.jobstreet.co.id/job/79205768
01-Oct-24 10:51;Backend PHP dan java (Middle Level);PT. ARDYANDA DIGITAL INOVASI;South Jakarta;Full time;https://www.jobstreet.co.id/job/79210171
02-Oct-24 02:48;.Net Developer;PT Nawa Data Solutions;Jakarta;Contract/Temp;https://www.jobstreet.co.id/job/79222332
01-Oct-24 07:59;Jr. Fullstack Developer (Web);PT Shaft Consulting Services;South Tangerang;Contract/Temp;https://www.jobstreet.co.id/job/79206299
01-Oct-24 07:37;IT Application Developer;PT Buana Finance Tbk;South Jakarta;Full time;https://www.jobstreet.co.id/job/79205866
01-Oct-24 07:01;IT WEB DEVELOPER (.NET CORE);PT Mega Central Finance;West Jakarta;Full time;https://www.jobstreet.co.id/job/79204961
30-Sep-24 03:03;Blockchain Devloper;PT. SELLON TECH INDONESIA;South Jakarta;Full time;https://www.jobstreet.co.id/job/79168036
30-Sep-24 03:32;Mobile Developer;PT Intersolusi Teknologi Asia;Bandung;Full time;https://www.jobstreet.co.id/job/79169528
30-Sep-24 04:11;Associate Technical Lead Specialist;Yayasan Bina Nusantara;West Jakarta;Full time;https://www.jobstreet.co.id/job/79170986
30-Sep-24 03:24;Full-Stack Developer;PT Mentari Books Indonesia;Jakarta;Full time;https://www.jobstreet.co.id/job/79168922
02-Oct-24 02:58;Lead Product Manager;PT Amartha Mikro Fintek (Jakarta);South Jakarta;Full time;https://www.jobstreet.co.id/job/79241750
30-Sep-24 11:14;Dynamics365 Technical Consultant;Technosoft Group;West Jakarta;Full time;https://www.jobstreet.co.id/job/79183720
30-Sep-24 07:33;Solution Architect;PT PERMODALAN NASIONAL MADANI;South Jakarta;Contract/Temp;https://www.jobstreet.co.id/job/79177586
01-Oct-24 03:30;RPA Business Analyst;PT Trinusa Travelindo;Jakarta;Full time;https://www.jobstreet.co.id/job/79209100
